Seed,Split,Method,N,MLE,MedLE,P90,P95,P99,CVaR90,LSR@5,LSR@10,LSR@15,LSR@20,MaxLE
2027,model_dataset_new_2_flight+model_dataset_flight,Fixed HardMS (snapped anchor),3534,11.460455667027222,11.1996169090271,18.22828693389893,20.615896701812744,23.60348686218262,20.894242222026243,11.03565365025467,41.1431805319751,73.45783814374647,93.80305602716469,29.909273147583008
2027,model_dataset_new_2_flight,Fixed HardMS (snapped anchor),2276,11.625624432354536,11.407212257385254,18.61954402923584,20.85866451263428,24.341582775115967,21.30644679487797,10.984182776801406,40.28998242530756,72.14411247803163,93.05799648506152,29.909273147583008
2027,model_dataset_flight,Fixed HardMS (snapped anchor),1258,11.161628870616278,10.885085582733154,17.567403030395507,19.781951618194554,22.33386644363404,20.02435937003484,11.128775834658189,42.68680445151033,75.83465818759937,95.1510333863275,26.34990501403809
2028,model_dataset_new_2_flight+model_dataset_flight,Fixed HardMS (snapped anchor),3534,11.468979422915906,11.19526195526123,18.292556953430186,20.676227951049803,23.868243675231938,20.92936322379247,11.488398415393322,40.43576683644595,73.93887945670629,93.60498019241652,29.909273147583008
2028,model_dataset_new_2_flight,Fixed HardMS (snapped anchor),2276,11.585154668727531,11.390908241271973,18.648756980896,20.798155784606934,24.068836212158203,21.19049985785233,11.64323374340949,39.27943760984183,72.80316344463972,93.05799648506152,29.909273147583008
2028,model_dataset_flight,Fixed HardMS (snapped anchor),1258,11.258792730175632,10.903162002563477,17.71397552490234,20.148839569091795,22.66843605041504,20.36323374793643,11.208267090620032,42.52782193958664,75.99364069952306,94.5945945945946,26.66410446166992
2029,model_dataset_new_2_flight+model_dataset_flight,Fixed HardMS (snapped anchor),3534,11.501763025341932,11.19639539718628,18.412403106689453,20.623435974121094,23.788716583251954,21.00978372864804,11.318619128466327,40.60554612337295,73.31635540464063,93.66157328805885,29.909273147583008
2029,model_dataset_new_2_flight,Fixed HardMS (snapped anchor),2276,11.65277537080232,11.369895935058594,18.798583984375,20.79785680770874,24.38232421875,21.35752214465225,11.159929701230228,39.67486818980668,71.79261862917399,93.0140597539543,29.909273147583008
2029,model_dataset_flight,Fixed HardMS (snapped anchor),1258,11.228548320836502,10.885085582733154,17.531743812561036,20.059457874298094,22.36452472686768,20.22002795385936,11.605723370429253,42.28934817170112,76.0731319554849,94.83306836248012,26.66410446166992
