GridSize,Split,Method,N,MLE,MedLE,P90,P95,P99,CVaR90,LSR@5,LSR@10,LSR@15,LSR@20,MaxLE
4,model_dataset_new_2_flight+model_dataset_flight,Fixed HardMS (snapped anchor),3534,7.631597988805025,7.500582218170166,11.905231571197511,12.845135354995726,14.80882658004761,13.119424674470546,22.75042444821732,73.5993208828523,99.12280701754386,100.0,16.323230743408203
4,model_dataset_new_2_flight,Fixed HardMS (snapped anchor),2276,7.648106393893699,7.496729612350464,11.934925079345703,12.822526216506958,14.77454423904419,13.130761142362628,22.31985940246045,72.89103690685414,99.07732864674868,100.0,16.323230743408203
4,model_dataset_flight,Fixed HardMS (snapped anchor),1258,7.601730635878297,7.539588451385498,11.84937114715576,12.85932650566101,14.8324054145813,13.09669798139542,23.52941176470588,74.88076311605724,99.20508744038156,100.0,16.283811569213867
8,model_dataset_new_2_flight+model_dataset_flight,Fixed HardMS (snapped anchor),3534,16.155503377099123,15.334115505218506,27.281016921997075,30.32886571884155,35.81808982849122,31.139709655847927,6.536502546689304,24.561403508771928,48.35880022637238,69.32654216185625,43.98947143554688
8,model_dataset_new_2_flight,Fixed HardMS (snapped anchor),2276,16.309568581071492,15.550151824951172,27.81009864807129,30.61648368835449,36.47180652618408,31.637979599467496,6.810193321616871,24.82425307557118,47.18804920913884,68.84885764499121,42.26377487182617
8,model_dataset_flight,Fixed HardMS (snapped anchor),1258,15.876765376907464,14.916649341583252,26.242313957214357,29.49205646514892,34.0139292907715,30.05344009399414,6.041335453100159,24.085850556438796,50.47694753577107,70.19077901430842,43.98947143554688
10,model_dataset_new_2_flight+model_dataset_flight,Fixed HardMS (snapped anchor),3534,20.82277932026053,19.42555809020996,36.27957458496094,40.148339080810544,46.50891433715823,41.20873871496168,5.461233729485003,18.33616298811545,35.54046406338427,51.61290322580645,56.68962860107422
10,model_dataset_new_2_flight,Fixed HardMS (snapped anchor),2276,21.30467635450757,20.02955913543701,37.07887840270996,40.83586311340332,47.58319282531738,41.91185186620344,4.789103690685413,17.35500878734622,34.31458699472759,49.91212653778559,56.68962860107422
10,model_dataset_flight,Fixed HardMS (snapped anchor),1258,19.950921092958254,18.278918266296387,35.48469543457031,39.00618362426757,44.96834850311279,39.79854965209961,6.677265500794912,20.11128775834658,37.758346581876,54.68998410174881,52.26338577270508
