TrainDataPercent,Split,Method,N,MLE,MedLE,P90,P95,P99,CVaR90,LSR@5,LSR@10,LSR@15,LSR@20,MaxLE
25,model_dataset_new_2_flight+model_dataset_flight,Fixed HardMS (snapped anchor),3534,11.237016019551056,11.146121501922607,17.222869682312012,18.93079376220703,22.0113849067688,19.434941351076976,9.875495189586871,40.0679117147708,76.88172043010752,96.6893039049236,26.490478515625
25,model_dataset_new_2_flight,Fixed HardMS (snapped anchor),2276,11.39696700393381,11.368850708007812,17.65107250213623,19.486968517303467,22.634800910949707,19.92661346469009,10.105448154657294,38.927943760984185,75.65905096660809,95.73813708260104,24.685232162475582
25,model_dataset_flight,Fixed HardMS (snapped anchor),1258,10.947629341923754,10.810651302337646,16.838016128540037,17.785324096679684,20.96176193237305,18.46259943644206,9.45945945945946,42.13036565977743,79.09379968203497,98.41017488076312,26.490478515625
50,model_dataset_new_2_flight+model_dataset_flight,Fixed HardMS (snapped anchor),3534,11.290783946078228,11.144747257232666,17.507055854797365,19.46907730102539,22.9482926940918,19.9305419921875,10.75268817204301,39.898132427843805,75.91963780418789,95.81211092246748,28.670995712280277
50,model_dataset_new_2_flight,Fixed HardMS (snapped anchor),2276,11.477664446091584,11.405924797058104,17.797507286071777,20.086334228515625,23.390535831451416,20.41342734453971,10.852372583479788,38.53251318101933,74.12126537785588,94.81546572934974,28.670995712280277
50,model_dataset_flight,Fixed HardMS (snapped anchor),1258,10.952675823637524,10.8051495552063,17.065220451354982,18.139631080627435,21.50234432220459,18.953938408503458,10.57233704292528,42.36883942766296,79.17329093799682,97.61526232114468,26.34990501403809
75,model_dataset_new_2_flight+model_dataset_flight,Fixed HardMS (snapped anchor),3534,11.401045376338995,11.146121501922607,17.939588546752933,20.18235311508179,23.37820074081421,20.595882410383496,10.865874363327674,40.88851160158461,74.47651386530843,94.51046972269384,29.909273147583008
75,model_dataset_new_2_flight,Fixed HardMS (snapped anchor),2276,11.583246909212878,11.368850708007812,18.391770362854004,20.58131504058838,24.15273427963257,21.02846726200037,10.852372583479788,39.45518453427065,72.97891036906854,93.804920913884,29.909273147583008
75,model_dataset_flight,Fixed HardMS (snapped anchor),1258,11.071402539438395,10.810004711151125,17.421642684936522,19.41848201751708,21.980492534637456,19.713101750328427,10.890302066772657,43.48171701112877,77.18600953895071,95.78696343402224,26.34990501403809
