frame_id,gt_x,gt_y,visual_x,visual_y,prediction_x,prediction_y,robust_x,robust_y,mahalanobis_d2,visual_update_weight
14,-64.62455749511719,2.3488411903381348,-65.68457794189453,-0.0425744354724884,-63.53692626953125,2.2653517723083496,-64.7660140991211,0.9445384740829468,0.21876901388168335,1.0
17,-74.64299774169922,3.3395848274230957,-70.41590118408203,-0.01257393043488264,-73.71724700927734,1.8295284509658813,-71.9940185546875,0.867991030216217,0.35322481393814087,1.0
20,-84.62059020996094,4.3080644607543945,-84.60987854003906,0.07741839438676834,-80.94525146484375,1.7529809474945068,-82.78075408935547,0.9137429594993591,0.40468859672546387,1.0
23,-94.5164794921875,5.254280090332031,-94.10308074951172,-4.620753288269043,-91.73198699951172,1.7987329959869385,-92.91793823242188,-1.4121029376983643,1.169411063194275,1.0
26,-104.41236877441406,6.233891487121582,-103.53517150878906,0.1973867118358612,-101.86917114257812,-0.5271129608154297,-102.70089721679688,-0.16541552543640137,0.08233680576086044,1.0
29,-114.4308090209961,7.135579586029053,-117.7291488647461,0.28734686970710754,-111.65213012695312,0.7195744514465332,-114.74137115478516,0.49985212087631226,0.942420244216919,1.0
32,-124.41860961914062,8.126322746276855,-122.4604721069336,0.3173305094242096,-123.6926040649414,1.3848421573638916,-123.07506561279297,0.8498107194900513,0.0671275183558464,1.0
35,-134.4064178466797,9.183857917785645,-131.92312622070312,0.3772932291030884,-132.02630615234375,1.7348006963729858,-131.9748992919922,1.0583758354187012,0.04641452804207802,1.0
38,-144.29208374023438,10.052149772644043,-146.11709594726562,0.4672258198261261,-140.92613220214844,1.9433658123016357,-143.50596618652344,1.2097465991973877,0.7243471741676331,1.0
41,-154.1981964111328,10.909310340881348,-155.57974243164062,0.5271732211112976,-152.4571990966797,2.0947365760803223,-154.0118865966797,1.3142590522766113,0.3031163215637207,1.0
44,-164.03280639648438,11.966845512390137,-165.04238891601562,0.5871144533157349,-162.96311950683594,2.199249029159546,-163.99853515625,1.3964478969573975,0.17177170515060425,1.0
47,-174.08189392089844,12.979852676391602,-174.50503540039062,0.647049605846405,-172.94976806640625,2.281437873840332,-173.7244110107422,1.4673805236816406,0.12629161775112152,1.0
49,-184.13096618652344,13.948331832885742,-188.6990203857422,0.736940860748291,-182.67564392089844,2.352370500564575,-185.67550659179688,1.5478270053863525,0.9647881984710693,1.0
52,-194.10855102539062,14.861151695251465,-198.1616668701172,0.7968606352806091,-194.62673950195312,2.432816982269287,-196.38723754882812,1.6180620193481445,0.3763512372970581,1.0
55,-203.94317626953125,15.796236038208008,-212.3861541748047,-3.871428966522217,-205.33847045898438,2.503051996231079,-208.84963989257812,-0.6727325916290283,2.2407166957855225,1.0
58,-213.8697052001953,16.76471519470215,-217.1174774169922,-3.8414759635925293,-217.80087280273438,0.21225738525390625,-217.4593963623047,-1.8132593631744385,0.4206315875053406,1.0
61,-223.8677215576172,17.811119079589844,-226.5496063232422,0.9765833616256714,-226.41062927246094,-0.9282693862915039,-226.48007202148438,0.02355492115020752,0.09093546122312546,1.0
64,-233.84530639648438,18.824125289916992,-240.7435760498047,1.066424012184143,-235.43130493164062,0.9085448980331421,-238.08993530273438,0.9875587224960327,0.7057884931564331,1.0
67,-243.63906860351562,19.73694610595703,-245.50540161132812,-3.661789894104004,-247.04116821289062,1.8725486993789673,-246.27366638183594,-0.8932281732559204,0.8240737318992615,1.0
70,-253.5655975341797,20.549577713012695,-254.96804809570312,-3.6019067764282227,-255.2248992919922,-0.00823819637298584,-255.09698486328125,-1.7978419065475464,0.32308462262153625,1.0
72,-263.5738220214844,21.506925582885742,-264.4306945800781,-3.542029619216919,-264.0482177734375,-0.9128519296646118,-264.2396240234375,-2.228663921356201,0.17624826729297638,1.0
75,-273.63311767578125,22.575592041015625,-278.6246643066406,-3.452225685119629,-273.19085693359375,-1.3436739444732666,-275.9028625488281,-2.396054267883301,0.8472429513931274,1.0
78,-283.5698547363281,23.666522979736328,-283.3559875488281,-3.4222941398620605,-284.8540954589844,-1.5110642910003662,-284.10491943359375,-2.4668381214141846,0.14727360010147095,1.0
81,-293.4555358886719,24.623870849609375,-297.5804443359375,-8.090665817260742,-293.05615234375,-1.58184814453125,-295.3150329589844,-4.83153772354126,1.5677475929260254,1.0
84,-303.45355224609375,25.5032958984375,-307.0430908203125,-8.030816078186035,-304.2662658691406,-3.946547746658325,-305.6479187011719,-5.978733062744141,0.6062304377555847,1.0
87,-313.44134521484375,26.44951057434082,-321.2370300292969,-7.94105339050293,-314.5991516113281,-5.093743324279785,-317.9045104980469,-6.511572360992432,1.295080542564392,1.0
90,-323.3372497558594,27.373462677001953,-330.73016357421875,-12.639376640319824,-326.8557434082031,-5.626582145690918,-328.7850341796875,-9.118634223937988,1.5925920009613037,1.0
93,-333.27398681640625,28.35307502746582,-340.19281005859375,-12.579548835754395,-337.73626708984375,-8.233644485473633,-338.9598388671875,-10.398290634155273,0.6182986497879028,1.0
96,-343.1903076171875,29.36608123779297,-354.3867492675781,-12.48981761932373,-347.91107177734375,-9.513300895690918,-351.13751220703125,-10.996316909790039,1.260556697845459,1.0
99,-353.1781005859375,30.323429107666016,-359.1180725097656,-12.45991039276123,-360.0887451171875,-10.111327171325684,-359.5999450683594,-11.293983459472656,0.16200494766235352,1.0
102,-363.1454772949219,31.225116729736328,-368.5807189941406,-12.400100708007812,-368.5511779785156,-10.4089937210083,-368.5664367675781,-11.437408447265625,0.10258463025093079,1.0
105,-373.0311584472656,32.10454177856445,-373.28155517578125,-7.612041473388672,-377.5176696777344,-10.55241870880127,-375.2269287109375,-8.962363243103027,0.7316498160362244,1.0
108,-383.0087585449219,33.08415222167969,-377.982421875,-2.823983669281006,-384.17816162109375,-8.077373504638672,-380.9059753417969,-5.302863121032715,1.8317246437072754,1.0
111,-392.9556884765625,34.24187469482422,-387.41461181640625,1.9939703941345215,-389.8572082519531,-4.417873382568359,-388.55584716796875,-1.0017762184143066,1.3216890096664429,1.0
114,-403.0047912597656,35.32167434692383,-392.115478515625,6.7820234298706055,-397.507080078125,-0.11678624153137207,-394.6867370605469,3.491966724395752,2.1255640983581543,1.0
117,-412.98236083984375,36.18996810913086,-396.8468017578125,6.811918258666992,-403.6379699707031,4.376956939697266,-400.021240234375,5.673725605010986,1.4591021537780762,1.0
120,-422.898681640625,37.058258056640625,-406.24853515625,16.388015747070312,-408.97247314453125,6.5587158203125,-407.52203369140625,11.792613983154297,2.934109926223755,1.0
123,-432.7639465332031,37.95994567871094,-410.9798583984375,16.417905807495117,-416.4732666015625,12.677603721618652,-413.59130859375,14.63984203338623,1.230747103691101,1.0
126,-442.6598205566406,38.97295379638672,-420.4120788574219,21.235837936401367,-422.54254150390625,15.524831771850586,-421.4454650878906,18.465688705444336,1.009636402130127,1.0
129,-452.61700439453125,39.96369552612305,-429.84429931640625,26.05376434326172,-430.3966979980469,19.350679397583008,-430.1136169433594,22.78567886352539,1.2078876495361328,1.0
132,-462.60479736328125,40.93217849731445,-439.30694580078125,26.113527297973633,-439.0648498535156,23.670669555664062,-439.19189453125,24.952638626098633,0.16337454319000244,1.0
135,-472.5823974609375,41.91178894042969,-448.7391662597656,30.931440353393555,-448.14312744140625,25.837629318237305,-448.4524230957031,28.48101234436035,0.7109453082084656,1.0
138,-482.61102294921875,42.93592834472656,-458.17138671875,35.74934768676758,-457.4036560058594,29.366003036499023,-457.7975158691406,32.64083480834961,1.102466344833374,1.0
141,-492.5375671386719,43.97119903564453,-472.3349609375,40.59711837768555,-466.7487487792969,33.52582550048828,-469.5785217285156,37.10787582397461,2.124065637588501,1.0
144,-502.4640808105469,44.8283576965332,-477.0663146972656,40.62698745727539,-478.5297546386719,37.99286651611328,-477.7826232910156,39.337684631347656,0.23704656958580017,1.0
147,-512.4314575195312,45.741180419921875,-486.5289611816406,40.68671798706055,-486.7338562011719,40.22267532348633,-486.630859375,40.45594787597656,0.006609032861888409,1.0
150,-522.3988647460938,46.7430534362793,-500.7229919433594,40.77630615234375,-495.58209228515625,41.340938568115234,-498.1761779785156,41.056026458740234,0.6839607954025269,1.0
153,-532.2947387695312,47.80059051513672,-505.4543151855469,40.80616760253906,-507.1274108886719,41.941017150878906,-506.28216552734375,41.3676872253418,0.10441149771213531,1.0
156,-542.1497802734375,48.9249153137207,-514.9169921875,40.86587905883789,-515.2333984375,42.25267791748047,-515.0734252929688,41.55160140991211,0.05169866234064102,1.0
158,-552.1171875,50.03811264038086,-524.379638671875,40.92558670043945,-524.024658203125,42.43659210205078,-524.2037353515625,41.67432403564453,0.06143459677696228,1.0
161,-562.1253662109375,51.27375793457031,-533.8423461914062,40.98529052734375,-533.1549682617188,42.5593147277832,-533.4998779296875,41.769554138183594,0.07474508136510849,1.0
164,-572.0621337890625,52.576194763183594,-548.0363159179688,41.074832916259766,-542.4511108398438,42.654544830322266,-545.248046875,41.86346435546875,0.8492087721824646,1.0
167,-581.9886474609375,53.94542694091797,-557.4990234375,41.134517669677734,-554.1992797851562,42.74845504760742,-555.8430786132812,41.944454193115234,0.3374705910682678,1.0
170,-591.8436889648438,55.2144660949707,-566.9920654296875,36.43604278564453,-564.7943115234375,42.829444885253906,-565.888427734375,39.64655685424805,1.1379538774490356,1.0
173,-601.7293701171875,56.461246490478516,-576.4547119140625,36.4957160949707,-574.8396606445312,40.53154754638672,-575.64404296875,38.52156066894531,0.4695892632007599,1.0
176,-611.5435791015625,57.730289459228516,-590.6487426757812,36.5852165222168,-584.5952758789062,39.406551361083984,-587.6116333007812,38.0007209777832,1.1079702377319336,1.0
179,-621.5722045898438,59.099517822265625,-600.1417846679688,31.886720657348633,-596.5628662109375,38.885711669921875,-598.3478393554688,35.394981384277344,1.5360546112060547,1.0
182,-631.5191650390625,60.42422103881836,-609.6044311523438,31.946372985839844,-607.299072265625,36.279972076416016,-608.4468994140625,34.122276306152344,0.5981253385543823,1.0
185,-641.486572265625,61.815711975097656,-619.067138671875,32.006019592285156,-617.3981323242188,35.007266998291016,-618.2294311523438,33.51241683959961,0.2926567792892456,1.0
188,-651.3211669921875,63.01796340942383,-633.29150390625,27.337324142456055,-627.1806640625,34.39740753173828,-630.2244873046875,30.880783081054688,2.1633899211883545,1.0
191,-661.1251220703125,64.2090835571289,-642.754150390625,27.396955490112305,-639.1757202148438,31.76577377319336,-640.9633178710938,29.583362579345703,0.7935824394226074,1.0
194,-671.1435546875,65.53378295898438,-656.9177856445312,32.244544982910156,-649.91455078125,30.468353271484375,-653.422607421875,31.35808563232422,1.3043595552444458,1.0
197,-681.0598754882812,66.85848236083984,-661.6491088867188,32.274356842041016,-662.3738403320312,32.24307632446289,-662.010009765625,32.2587776184082,0.013204731047153473,1.0
200,-690.9660034179688,68.17205810546875,-666.4107666015625,27.54600715637207,-670.9612426757812,33.143768310546875,-668.6638793945312,30.31768226623535,1.3161616325378418,1.0
203,-700.8925170898438,69.5412826538086,-675.8430786132812,32.363773345947266,-677.6151123046875,31.202672958374023,-676.732177734375,31.78119659423828,0.11246587336063385,1.0
206,-710.8394775390625,70.8103256225586,-694.7987670898438,27.72481918334961,-685.6834106445312,32.66618728637695,-690.2495727539062,30.190916061401367,2.6957874298095703,1.0
209,-720.7557983398438,72.0793685913086,-699.499755859375,32.51277160644531,-699.2008056640625,31.07590675354004,-699.3508911132812,31.797414779663086,0.05416090041399002,1.0
212,-730.6006469726562,73.35954284667969,-708.96240234375,32.57236099243164,-708.3021240234375,32.682403564453125,-708.63427734375,32.627044677734375,0.011302935890853405,1.0
215,-739.7407836914062,74.51726531982422,-723.1260375976562,37.419883728027344,-717.5855102539062,33.51203536987305,-720.3525390625,35.46367645263672,1.1530482769012451,1.0
218,-746.2155151367188,75.45235443115234,-732.558349609375,42.237613677978516,-729.3037719726562,36.34866714477539,-730.9389038085938,39.30735397338867,1.1391549110412598,1.0
221,-748.6256713867188,75.91989135742188,-746.7523803710938,42.326961517333984,-739.89013671875,40.192344665527344,-743.3048706054688,41.25456237792969,1.2891945838928223,1.0
224,-747.4716186523438,75.8308334350586,-751.453369140625,47.11489486694336,-752.256103515625,42.13955307006836,-751.8502807617188,44.65481948852539,0.6415187120437622,1.0
227,-744.3159790039062,75.07386779785156,-765.6776733398438,42.44607162475586,-760.801513671875,45.53981018066406,-763.229248046875,43.99948501586914,0.8344929218292236,1.0
230,-740.5067138671875,74.2723617553711,-775.140380859375,42.505615234375,-772.1804809570312,44.88447570800781,-773.670654296875,43.68681716918945,0.36316823959350586,1.0
233,-735.4005126953125,74.0385971069336,-784.60302734375,42.565155029296875,-782.6218872070312,44.571807861328125,-783.6158447265625,43.56508255004883,0.20020338892936707,1.0
236,-727.904541015625,73.682373046875,-794.035400390625,47.382843017578125,-792.5670776367188,44.4500732421875,-793.3143920898438,45.942771911621094,0.27472540736198425,1.0
238,-718.9481811523438,72.74728393554688,-798.7363891601562,52.17076110839844,-802.265625,46.827762603759766,-800.4881591796875,49.51874542236328,1.043731689453125,1.0
241,-709.3484497070312,71.54503631591797,-808.1990356445312,52.23028564453125,-809.4393920898438,50.40373611450195,-808.8194580078125,51.316680908203125,0.12292660772800446,1.0
244,-699.7487182617188,70.4429702758789,-827.0940551757812,57.10746765136719,-817.7706909179688,52.2016716003418,-822.529541015625,54.705711364746094,2.844888925552368,1.0
247,-690.28173828125,69.40769958496094,-836.5567626953125,57.16697311401367,-831.4807739257812,55.590702056884766,-834.0711059570312,56.39508819580078,0.7299680113792419,1.0
250,-680.722900390625,68.46148681640625,-836.5567626953125,57.16697311401367,-843.0223388671875,57.28007888793945,-839.704345703125,57.2220344543457,1.0909013748168945,1.0
253,-670.9393310546875,67.47074127197266,-846.0194091796875,57.226470947265625,-848.6555786132812,58.107025146484375,-847.33349609375,57.66541290283203,0.19789643585681915,1.0
256,-661.1251220703125,66.4800033569336,-850.7507934570312,57.25621795654297,-856.2847290039062,58.5504035949707,-853.4210205078125,57.880680084228516,0.8459367156028748,1.0
259,-651.2394409179688,65.5003890991211,-855.4821166992188,57.28596496582031,-862.3722534179688,58.76567077636719,-858.9166259765625,58.02354431152344,1.2751286029815674,1.0
262,-641.3435668945312,64.40945434570312,-864.9447631835938,57.34545135498047,-867.8678588867188,58.90853500366211,-866.4068603515625,58.12728500366211,0.27825188636779785,1.0
265,-631.4374389648438,63.28512954711914,-883.83984375,62.22256088256836,-875.3580932617188,59.01227569580078,-879.7114868164062,60.65999984741211,2.124284029006958,1.0
268,-621.5926513671875,62.21646499633789,-898.0035400390625,67.06991577148438,-888.6627197265625,61.54499053955078,-893.6686401367188,64.50589752197266,3.2084527015686035,1.0
271,-611.7886352539062,61.259117126464844,-907.4359741210938,71.88752746582031,-902.619873046875,65.39088439941406,-905.0629272460938,68.68643951416016,1.7342795133590698,1.0
274,-604.047607421875,60.56893539428711,-912.1370239257812,76.67540740966797,-914.01416015625,69.57142639160156,-913.0686645507812,73.14958953857422,1.3998972177505493,1.0
279,-601.3616943359375,60.05686569213867,-921.6300048828125,71.9767074584961,-922.0198974609375,74.03457641601562,-921.8258666992188,73.01044464111328,0.11115258932113647,1.0
283,-600.5753784179688,60.19044876098633,-931.0926513671875,72.03614807128906,-930.777099609375,73.89543151855469,-930.9365234375,72.9561996459961,0.09043335914611816,1.0
286,-598.6656494140625,60.14591979980469,-935.793701171875,76.82402038574219,-939.8877563476562,73.8411865234375,-937.7811889648438,75.3759994506836,0.6657602787017822,1.0
289,-596.0921020507812,59.845359802246094,-945.2564086914062,76.88345336914062,-946.732421875,76.260986328125,-945.9783325195312,76.5790023803711,0.06679553538560867,1.0
292,-592.55859375,59.36668395996094,-959.420166015625,81.73075103759766,-954.9295654296875,77.4639892578125,-957.2733764648438,79.69097900390625,1.0218111276626587,1.0
295,-587.4931640625,58.82122039794922,-968.8526000976562,86.54832458496094,-966.224609375,80.57596588134766,-967.5874633789062,83.67317962646484,1.139877438545227,1.0
298,-580.4057006835938,58.15330123901367,-983.016357421875,91.39559173583984,-976.5386962890625,84.55816650390625,-979.8789672851562,88.08397674560547,2.3671505451202393,1.0
301,-571.7047119140625,57.20708465576172,-992.4790649414062,91.45499420166016,-988.8302001953125,88.96896362304688,-990.7029418945312,90.24488830566406,0.5168114900588989,1.0
304,-563.42236328125,56.23860549926758,-1006.642822265625,96.30224609375,-999.6541748046875,91.12987518310547,-1003.2116088867188,93.76275634765625,1.9810807704925537,1.0
306,-559.8888549804688,55.748802185058594,-1011.3742065429688,96.33193969726562,-1012.162841796875,94.64774322509766,-1011.766845703125,95.49344635009766,0.0888916626572609,1.0
309,-560.6649780273438,55.77106475830078,-1016.1055297851562,96.36163330078125,-1020.7180786132812,96.37843322753906,-1018.370849609375,96.36988067626953,0.5488465428352356,1.0
314,-561.8803100585938,56.027099609375,-1025.5682373046875,96.42101287841797,-1027.3221435546875,97.25486755371094,-1026.4447021484375,96.83772277832031,0.09583190083503723,1.0
318,-560.961181640625,56.14955139160156,-1044.46337890625,101.29791259765625,-1035.39599609375,97.72270965576172,-1040.14013671875,99.59329223632812,2.505419969558716,1.0
321,-560.1849975585938,56.29426574707031,-1049.1947021484375,101.32759857177734,-1049.0914306640625,100.47827911376953,-1049.145263671875,100.92097473144531,0.019607888534665108,1.0
324,-559.4190673828125,57.74142074584961,-1053.926025390625,101.3572769165039,-1058.0965576171875,101.80596160888672,-1055.978271484375,101.57807159423828,0.4626372456550598,1.0
327,-557.8973999023438,61.259117126464844,-1053.926025390625,101.3572769165039,-1064.9295654296875,102.46305847167969,-1058.847900390625,101.85189056396484,3.465496778488159,1.0
330,-555.9979248046875,65.5003890991211,-1063.4190673828125,96.65848541259766,-1067.7991943359375,102.73687744140625,-1065.58984375,99.6708984375,1.512093424797058,1.0
333,-553.8839111328125,70.14241027832031,-1068.150390625,96.68815612792969,-1074.5411376953125,100.5558853149414,-1071.3603515625,98.6308364868164,1.440535545349121,1.0
335,-551.6575927734375,74.99594116210938,-1087.0758056640625,96.80685424804688,-1080.3116455078125,99.51582336425781,-1083.71875,98.15131378173828,1.3586081266403198,1.0
338,-549.70703125,79.35966491699219,-1101.300048828125,92.13770294189453,-1092.6700439453125,99.03630065917969,-1097.0986328125,95.49620056152344,3.1686110496520996,1.0
341,-548.73681640625,81.15190887451172,-1115.4638671875,96.9848403930664,-1106.0499267578125,96.38118743896484,-1110.827392578125,96.68753051757812,2.3011834621429443,1.0
344,-548.318115234375,80.79568481445312,-1120.1650390625,101.77265167236328,-1119.7786865234375,97.57251739501953,-1119.97509765625,99.70783996582031,0.45992332696914673,1.0
347,-546.2858276367188,79.71588897705078,-1124.8660888671875,106.56046295166016,-1128.9263916015625,100.59282684326172,-1126.8829345703125,103.59624481201172,1.3331842422485352,1.0
349,-542.4663696289062,78.9811782836914,-1134.328857421875,106.6197738647461,-1135.834228515625,104.48123168945312,-1135.0826416015625,105.54886627197266,0.17271894216537476,1.0
352,-536.3695068359375,78.73627471923828,-1148.5228271484375,106.70873260498047,-1144.033935546875,106.43385314941406,-1146.293701171875,106.57223510742188,0.511669397354126,1.0
355,-528.2506103515625,78.04609680175781,-1153.2239990234375,111.49652862548828,-1155.2449951171875,107.45722198486328,-1154.2080078125,109.52977752685547,0.526482880115509,1.0
358,-518.834716796875,76.63233947753906,-1162.686767578125,111.55582427978516,-1163.1593017578125,110.41476440429688,-1162.917236328125,110.999267578125,0.03970107436180115,1.0
361,-508.9694519042969,74.87348937988281,-1167.4180908203125,111.5854721069336,-1171.8685302734375,111.8842544555664,-1169.5457763671875,111.72831726074219,0.529798150062561,1.0
364,-499.1144104003906,73.19256591796875,-1172.1796875,106.85696411132812,-1178.4970703125,112.6133041381836,-1175.17626953125,109.58737182617188,1.9822800159454346,1.0
367,-489.3206481933594,71.68975067138672,-1181.642333984375,106.91624450683594,-1184.1275634765625,110.47235870361328,-1182.859375,108.65767669677734,0.5005753636360168,1.0
369,-479.54730224609375,70.25373077392578,-1191.1051025390625,106.97551727294922,-1191.8106689453125,109.54266357421875,-1191.4515380859375,108.236083984375,0.18599170446395874,1.0
372,-469.8147888183594,68.76204681396484,-1195.8665771484375,102.24700164794922,-1200.40283203125,109.1210708618164,-1198.0899658203125,105.6162338256836,1.7713420391082764,1.0
375,-459.9393310546875,67.35942077636719,-1200.597900390625,102.2766342163086,-1207.041259765625,106.501220703125,-1203.72216796875,104.3250961303711,1.5625765323638916,1.0
378,-449.9106750488281,65.8454818725586,-1214.7919921875,102.36552429199219,-1212.6734619140625,105.2100830078125,-1213.7342529296875,103.78569793701172,0.32321450114250183,1.0
381,-440.06585693359375,64.34266662597656,-1219.5535888671875,97.63700103759766,-1222.685546875,104.67068481445312,-1221.0784912109375,101.06172180175781,1.5416728258132935,1.0
384,-430.31292724609375,62.7730598449707,-1224.284912109375,97.66663360595703,-1230.02978515625,101.94670867919922,-1227.0955810546875,99.76066589355469,1.3369449377059937,1.0
387,-420.5804443359375,61.23685073852539,-1228.986083984375,102.45440673828125,-1236.046875,100.6456527709961,-1232.4129638671875,101.5765609741211,1.3955540657043457,1.0
389,-410.8275451660156,60.05686569213867,-1247.8812255859375,107.33103942871094,-1241.3642578125,102.4615478515625,-1244.6353759765625,104.90568542480469,1.702768087387085,1.0
392,-400.931640625,58.565185546875,-1257.3138427734375,112.14842224121094,-1253.586669921875,105.7906723022461,-1255.525146484375,109.09723663330078,1.43264639377594,1.0
395,-390.8315124511719,56.68388366699219,-1261.9847412109375,121.6943359375,-1264.4764404296875,109.98222351074219,-1263.1568603515625,116.18488311767578,3.9015843868255615,1.0
398,-380.8028564453125,55.002960205078125,-1266.6859130859375,126.48210144042969,-1272.108154296875,117.06986999511719,-1269.14892578125,122.20674896240234,3.3617639541625977,1.0
401,-370.94781494140625,53.61146545410156,-1271.4173583984375,126.51171112060547,-1278.1002197265625,123.09173583984375,-1274.438720703125,124.96553802490234,1.6511399745941162,1.0
404,-361.1438293457031,52.37582015991211,-1280.849853515625,131.32907104492188,-1283.3900146484375,125.85052490234375,-1282.0784912109375,128.67926025390625,1.0202769041061401,1.0
407,-351.39093017578125,50.81734848022461,-1295.0439453125,131.4178924560547,-1291.02978515625,129.5642547607422,-1293.036376953125,130.4908447265625,0.516340970993042,1.0
410,-341.5256652832031,49.12528991699219,-1299.7451171875,136.2056427001953,-1301.9876708984375,131.37583923339844,-1300.8677978515625,133.78765869140625,0.7274433374404907,1.0
413,-331.5685119628906,47.62247848510742,-1318.70068359375,131.56588745117188,-1309.819091796875,134.6726531982422,-1314.3165283203125,133.09945678710938,2.2705397605895996,1.0
415,-321.60113525390625,46.16419219970703,-1328.1634521484375,131.62506103515625,-1323.267822265625,133.9844512939453,-1325.7252197265625,132.8001251220703,0.7507561445236206,1.0
418,-311.7767333984375,44.661380767822266,-1328.1634521484375,131.62506103515625,-1334.676513671875,133.68511962890625,-1331.3797607421875,132.64234924316406,1.190869927406311,1.0
421,-301.8195495605469,43.236488342285156,-1342.327392578125,136.47198486328125,-1340.3310546875,133.52734375,-1341.3377685546875,135.0122528076172,0.3224225640296936,1.0
424,-291.9236755371094,41.7225456237793,-1361.22265625,141.3484649658203,-1350.2890625,135.89724731445312,-1355.9229736328125,138.70616149902344,3.881877899169922,1.0
427,-282.0481872558594,40.141807556152344,-1365.923828125,146.13619995117188,-1364.874267578125,139.59115600585938,-1365.41015625,142.93292236328125,1.144404649734497,1.0
430,-272.2135925292969,38.49428176879883,-1370.6552734375,146.165771484375,-1374.3614501953125,143.8179168701172,-1372.478271484375,145.01089477539062,0.4991324841976166,1.0
432,-262.3687438964844,37.04712677001953,-1389.5806884765625,146.28407287597656,-1381.4295654296875,145.89588928222656,-1385.5985107421875,146.09442138671875,1.7342804670333862,1.0
435,-252.73838806152344,35.7112922668457,-1394.3421630859375,141.5554962158203,-1394.5498046875,146.9794158935547,-1394.4461669921875,144.27195739746094,0.7505550980567932,1.0
438,-245.57943725585938,34.720550537109375,-1403.74462890625,151.1309356689453,-1403.3974609375,145.15695190429688,-1403.5804443359375,148.30650329589844,0.952836811542511,1.0
441,-243.38375854492188,34.31979751586914,-1408.47607421875,151.16049194335938,-1412.53173828125,149.19149780273438,-1410.4215087890625,150.2159881591797,0.5460414886474609,1.0
446,-243.70034790039062,34.464515686035156,-1413.2677001953125,141.67376708984375,-1419.372802734375,151.10098266601562,-1416.3048095703125,146.36358642578125,3.2861194610595703,1.0
450,-242.74037170410156,34.24187469482422,-1441.6859130859375,137.0929718017578,-1425.256103515625,147.2485809326172,-1425.256103515625,147.2485809326172,10.394407272338867,0.0
457,-241.9029541015625,34.186214447021484,-1441.6859130859375,137.0929718017578,-1434.2073974609375,148.13357543945312,-1438.991455078125,141.07073974609375,3.8435611724853516,1.0
464,-241.9438018798828,35.889404296875,-1451.148681640625,137.15206909179688,-1447.9427490234375,141.9557342529297,-1449.592529296875,139.48370361328125,0.8306558132171631,1.0
467,-241.749755859375,37.82636260986328,-1460.611328125,137.211181640625,-1458.5438232421875,140.3686981201172,-1459.5848388671875,138.7789306640625,0.35806456208229065,1.0
470,-241.57615661621094,40.05275344848633,-1470.0740966796875,137.270263671875,-1468.5361328125,139.66392517089844,-1469.3140869140625,138.45310974121094,0.20530296862125397,1.0
473,-241.269775390625,44.472137451171875,-1474.805419921875,137.29981994628906,-1478.265380859375,139.33810424804688,-1476.4881591796875,138.29110717773438,0.41717225313186646,1.0
476,-240.94297790527344,49.48151397705078,-1479.5067138671875,142.08750915527344,-1485.439453125,139.1761016845703,-1482.387939453125,140.67361450195312,1.1428203582763672,1.0
479,-240.90213012695312,54.669002532958984,-1498.43212890625,142.20565795898438,-1491.3392333984375,141.55860900878906,-1494.8472900390625,141.87863159179688,1.2836021184921265,1.0
482,-242.10719299316406,59.67837905883789,-1507.8948974609375,142.26473999023438,-1503.798583984375,142.7636260986328,-1505.8448486328125,142.51441955566406,0.427906334400177,1.0
485,-244.32330322265625,64.63209533691406,-1512.626220703125,142.2942657470703,-1514.796142578125,143.3994140625,-1513.70361328125,142.84295654296875,0.14967080950737,1.0
487,-246.94790649414062,69.5969467163086,-1517.3275146484375,147.08193969726562,-1522.6549072265625,143.7279510498047,-1519.9642333984375,145.42193603515625,1.0056016445159912,1.0
490,-250.52227783203125,73.84934997558594,-1536.222900390625,151.9582061767578,-1528.91552734375,146.3069305419922,-1532.5989990234375,149.15557861328125,2.1668405532836914,1.0
493,-254.750244140625,77.68987274169922,-1545.685546875,152.01724243164062,-1541.55029296875,150.0405731201172,-1543.6258544921875,151.03268432617188,0.5313184857368469,1.0
496,-259.0905456542969,81.66397857666016,-1550.4169921875,152.04676818847656,-1552.5771484375,151.9176788330078,-1551.489013671875,151.98269653320312,0.11862575262784958,1.0
499,-263.5023498535156,85.5712890625,-1550.447021484375,147.2886199951172,-1560.4403076171875,152.86769104003906,-1555.3653564453125,150.03445434570312,3.3480944633483887,1.0
502,-267.94476318359375,89.4229507446289,-1550.447021484375,147.2886199951172,-1564.316650390625,150.91944885253906,-1557.31005859375,149.0852508544922,5.249998092651367,1.0
505,-272.4178161621094,93.26346588134766,-1555.1783447265625,147.31813049316406,-1566.2613525390625,149.97024536132812,-1560.66845703125,148.63189697265625,3.3120439052581787,1.0
508,-277.00323486328125,97.12625885009766,-1555.1783447265625,147.31813049316406,-1569.6197509765625,149.5168914794922,-1562.3292236328125,148.40687561035156,5.44023323059082,1.0
511,-281.588623046875,100.93338012695312,-1555.1783447265625,147.31813049316406,-1571.280517578125,149.2918701171875,-1563.150146484375,148.2952880859375,6.709529876708984,1.0
514,-286.09234619140625,104.75164031982422,-1555.1783447265625,147.31813049316406,-1572.1014404296875,149.18028259277344,-1563.5797119140625,148.24258422851562,7.369872570037842,1.0
517,-290.6573181152344,108.5810317993164,-1555.1783447265625,147.31813049316406,-1572.531005859375,149.12757873535156,-1563.7989501953125,148.217041015625,7.723471164703369,1.0
520,-295.2937927246094,112.3992919921875,-1555.1783447265625,147.31813049316406,-1572.750244140625,149.10203552246094,-1563.8323974609375,148.19668579101562,7.974808216094971,1.0
523,-299.8791809082031,116.23981475830078,-1555.1783447265625,147.31813049316406,-1572.78369140625,149.08168029785156,-1563.9044189453125,148.19223022460938,7.983548641204834,1.0
526,-304.50543212890625,120.08033752441406,-1555.1783447265625,147.31813049316406,-1572.855712890625,149.0772247314453,-1563.9461669921875,148.1906280517578,8.032129287719727,1.0
529,-309.21337890625,123.84293365478516,-1555.1783447265625,147.31813049316406,-1572.8974609375,149.07562255859375,-1564.01318359375,148.19442749023438,8.019927024841309,1.0
531,-313.98260498046875,127.22704315185547,-1555.1783447265625,147.31813049316406,-1572.9644775390625,149.0794219970703,-1564.0523681640625,148.19688415527344,8.05030632019043,1.0
534,-318.7620544433594,130.6000213623047,-1555.1783447265625,147.31813049316406,-1573.003662109375,149.08187866210938,-1564.0548095703125,148.19642639160156,8.086044311523438,1.0
537,-323.6027526855469,133.91734313964844,-1555.1783447265625,147.31813049316406,-1573.006103515625,149.0814208984375,-1564.06494140625,148.19708251953125,8.080425262451172,1.0
540,-328.535400390625,137.25692749023438,-1555.1783447265625,147.31813049316406,-1573.0162353515625,149.0820770263672,-1564.0726318359375,148.19766235351562,8.083267211914062,1.0
543,-333.590576171875,140.6187744140625,-1555.20849609375,142.5599822998047,-1573.02392578125,149.08265686035156,-1564.0712890625,145.80487060546875,9.072258949279785,1.0
546,-338.71722412109375,143.89157104492188,-1555.238525390625,137.8018341064453,-1573.0225830078125,146.6898651123047,-1573.0225830078125,146.6898651123047,10.019498825073242,0.0
549,-343.7213439941406,147.14210510253906,-1555.2686767578125,133.04368591308594,-1581.973876953125,147.57485961914062,-1581.973876953125,147.57485961914062,18.834983825683594,0.0
552,-348.6539611816406,150.3480987548828,-1555.2987060546875,128.28553771972656,-1590.9251708984375,148.45985412597656,-1590.9251708984375,148.45985412597656,28.49258804321289,0.0
555,-353.566162109375,153.5986328125,-1560.0902099609375,118.79876708984375,-1599.87646484375,149.3448486328125,-1599.87646484375,149.3448486328125,36.917320251464844,0.0
558,-358.3251953125,156.70445251464844,-1555.238525390625,137.8018341064453,-1608.8277587890625,150.22984313964844,-1608.8277587890625,150.22984313964844,38.34856414794922,0.0
561,-361.3684997558594,158.53009033203125,-1555.20849609375,142.5599822998047,-1617.779052734375,151.11483764648438,-1617.779052734375,151.11483764648438,44.60305404663086,0.0
563,-361.756591796875,158.8863067626953,-1555.20849609375,142.5599822998047,-1626.7303466796875,151.9998321533203,-1626.7303466796875,151.9998321533203,52.497737884521484,0.0
566,-360.7557678222656,158.47442626953125,-1560.0902099609375,118.79876708984375,-1635.681640625,152.88482666015625,-1635.681640625,152.88482666015625,63.456024169921875,0.0
569,-359.09112548828125,157.83990478515625,-1560.0902099609375,118.79876708984375,-1644.6329345703125,153.7698211669922,-1644.6329345703125,153.7698211669922,71.37020874023438,0.0
572,-356.98736572265625,156.60426330566406,-1559.9398193359375,142.58950805664062,-1653.584228515625,154.65481567382812,-1653.584228515625,154.65481567382812,69.02851867675781,0.0
575,-353.6376647949219,154.93446350097656,-1560.0902099609375,118.79876708984375,-1662.5355224609375,155.53981018066406,-1662.5355224609375,155.53981018066406,92.0317153930664,0.0
578,-348.031005859375,152.86392211914062,-1560.120361328125,114.04061889648438,-1671.48681640625,156.4248046875,-1671.48681640625,156.4248046875,110.663330078125,0.0
581,-340.5963439941406,149.90283203125,-1560.120361328125,114.04061889648438,-1680.4381103515625,157.30979919433594,-1680.4381103515625,157.30979919433594,126.68997955322266,0.0
584,-332.20166015625,146.0734405517578,-1560.0902099609375,118.79876708984375,-1689.389404296875,158.19479370117188,-1689.389404296875,158.19479370117188,141.77574157714844,0.0
587,-323.5925598144531,141.95462036132812,-1560.120361328125,114.04061889648438,-1698.3406982421875,159.0797882080078,-1698.3406982421875,159.0797882080078,166.78103637695312,0.0
590,-314.8506774902344,137.958251953125,-1560.120361328125,114.04061889648438,-1707.2919921875,159.96478271484375,-1707.2919921875,159.96478271484375,188.0394287109375,0.0
592,-305.904541015625,134.039794921875,-1560.120361328125,114.04061889648438,-1716.2432861328125,160.8497772216797,-1716.2432861328125,160.8497772216797,208.28460693359375,0.0
595,-296.8154296875,130.12135314941406,-1560.120361328125,114.04061889648438,-1725.194580078125,161.73477172851562,-1725.194580078125,161.73477172851562,232.994873046875,0.0
598,-287.77740478515625,126.12498474121094,-1560.120361328125,114.04061889648438,-1734.1458740234375,162.61976623535156,-1734.1458740234375,162.61976623535156,254.9901580810547,0.0
601,-278.8006286621094,122.05068969726562,-1560.120361328125,114.04061889648438,-1743.09716796875,163.5047607421875,-1743.09716796875,163.5047607421875,278.85302734375,0.0
604,-269.8647155761719,118.03205871582031,-1560.0902099609375,118.79876708984375,-1752.0484619140625,164.38975524902344,-1752.0484619140625,164.38975524902344,303.44866943359375,0.0
607,-260.84710693359375,114.08021545410156,-1560.0902099609375,118.79876708984375,-1760.999755859375,165.27474975585938,-1760.999755859375,165.27474975585938,337.4387512207031,0.0
610,-251.72735595703125,110.09497833251953,-1559.9398193359375,142.58950805664062,-1769.9510498046875,166.1597442626953,-1769.9510498046875,166.1597442626953,353.08050537109375,0.0
613,-242.57696533203125,106.0652084350586,-1559.9398193359375,142.58950805664062,-1778.90234375,167.04473876953125,-1778.90234375,167.04473876953125,384.5960388183594,0.0
616,-233.3551025390625,101.99092102050781,-1559.9398193359375,142.58950805664062,-1787.8536376953125,167.9297332763672,-1787.8536376953125,167.9297332763672,417.53948974609375,0.0
619,-224.2557830810547,97.82756805419922,-1559.9398193359375,142.58950805664062,-1796.804931640625,168.81472778320312,-1796.804931640625,168.81472778320312,449.1884460449219,0.0
622,-215.08497619628906,93.764404296875,-1559.9398193359375,142.58950805664062,-1805.7562255859375,169.69972229003906,-1805.7562255859375,169.69972229003906,483.78631591796875,0.0
625,-206.04693603515625,89.74577331542969,-1559.9097900390625,147.34765625,-1814.70751953125,170.584716796875,-1814.70751953125,170.584716796875,517.2359008789062,0.0
628,-196.9169921875,85.80506134033203,-1559.9097900390625,147.34765625,-1823.6588134765625,171.46971130371094,-1823.6588134765625,171.46971130371094,549.4328002929688,0.0
631,-187.6951141357422,81.8309555053711,-1554.9677734375,180.6251678466797,-1832.610107421875,172.35470581054688,-1832.610107421875,172.35470581054688,594.9556274414062,0.0
634,-178.52432250976562,77.7232666015625,-1554.9677734375,180.6251678466797,-1841.5614013671875,173.2397003173828,-1841.5614013671875,173.2397003173828,633.5842895507812,0.0
637,-169.44541931152344,73.66011047363281,-1554.9677734375,180.6251678466797,-1850.5126953125,174.12469482421875,-1850.5126953125,174.12469482421875,675.6538696289062,0.0
639,-160.2950439453125,69.56355285644531,-1554.9677734375,180.6251678466797,-1859.4639892578125,175.0096893310547,-1859.4639892578125,175.0096893310547,716.927490234375,0.0
642,-151.57359313964844,65.72303009033203,-1554.9677734375,180.6251678466797,-1868.415283203125,175.89468383789062,-1868.415283203125,175.89468383789062,757.18994140625,0.0
645,-145.82395935058594,62.88438034057617,-1559.9398193359375,142.58950805664062,-1877.3665771484375,176.77967834472656,-1877.3665771484375,176.77967834472656,808.0103759765625,0.0
648,-145.7729034423828,61.192325592041016,-1559.9097900390625,147.34765625,-1886.31787109375,177.6646728515625,-1886.31787109375,177.6646728515625,843.2255249023438,0.0
654,-148.16261291503906,61.41496276855469,-1554.937744140625,185.38331604003906,-1895.2691650390625,178.54966735839844,-1895.2691650390625,178.54966735839844,896.1983032226562,0.0
668,-149.1021728515625,61.51515197753906,-1554.937744140625,185.38331604003906,-1904.220458984375,179.43466186523438,-1904.220458984375,179.43466186523438,942.90380859375,0.0
678,-147.65199279785156,60.914024353027344,-1554.937744140625,185.38331604003906,-1913.1717529296875,180.3196563720703,-1913.1717529296875,180.3196563720703,994.0165405273438,0.0
681,-145.04782104492188,60.15705108642578,-1554.9677734375,180.6251678466797,-1922.123046875,181.20465087890625,-1922.123046875,181.20465087890625,1043.03369140625,0.0
707,-143.4036102294922,58.843482971191406,-1554.937744140625,185.38331604003906,-1931.0743408203125,182.0896453857422,-1931.0743408203125,182.0896453857422,1095.058837890625,0.0
733,-143.4240264892578,59.51139831542969,-1554.9075927734375,190.14146423339844,-1940.025634765625,182.97463989257812,-1940.025634765625,182.97463989257812,1149.192626953125,0.0
736,-142.1372528076172,62.24985885620117,-1554.937744140625,185.38331604003906,-1948.9769287109375,183.85963439941406,-1948.9769287109375,183.85963439941406,1203.7664794921875,0.0
739,-142.60702514648438,65.90113830566406,-1554.9677734375,180.6251678466797,-1957.92822265625,184.74462890625,-1957.92822265625,184.74462890625,1253.6258544921875,0.0
742,-145.45631408691406,68.9067611694336,-1559.30810546875,242.5106201171875,-1966.8795166015625,185.62962341308594,-1966.8795166015625,185.62962341308594,1309.5859375,0.0
745,-149.37789916992188,71.12202453613281,-1554.9677734375,180.6251678466797,-1975.830810546875,186.51461791992188,-1975.830810546875,186.51461791992188,1366.3343505859375,0.0
748,-153.20758056640625,72.60256958007812,-1554.9677734375,180.6251678466797,-1984.7821044921875,187.3996124267578,-1984.7821044921875,187.3996124267578,1426.7327880859375,0.0
750,-157.4763946533203,73.9718017578125,-1554.9677734375,180.6251678466797,-1993.7333984375,188.28460693359375,-1993.7333984375,188.28460693359375,1485.6219482421875,0.0
753,-162.5009307861328,75.5191421508789,-1554.937744140625,185.38331604003906,-2002.6846923828125,189.1696014404297,-2002.6846923828125,189.1696014404297,1545.0093994140625,0.0
756,-168.1586456298828,76.97742462158203,-1554.937744140625,185.38331604003906,-2011.635986328125,190.05459594726562,-2011.635986328125,190.05459594726562,1607.9876708984375,0.0
759,-173.94912719726562,78.49137115478516,-1554.937744140625,185.38331604003906,-2020.5872802734375,190.93959045410156,-2020.5872802734375,190.93959045410156,1670.1075439453125,0.0
762,-179.54556274414062,79.93852996826172,-1554.9075927734375,190.14146423339844,-2029.53857421875,191.8245849609375,-2029.53857421875,191.8245849609375,1738.9227294921875,0.0
765,-185.15220642089844,81.37454986572266,-1554.9075927734375,190.14146423339844,-2038.4898681640625,192.70957946777344,-2038.4898681640625,192.70957946777344,1801.83935546875,0.0
768,-190.86099243164062,82.82170104980469,-1554.9075927734375,190.14146423339844,-2047.441162109375,193.59457397460938,-2047.441162109375,193.59457397460938,1868.207275390625,0.0
771,-196.43699645996094,84.3467788696289,-1554.9075927734375,190.14146423339844,-2056.392333984375,194.4795684814453,-2056.392333984375,194.4795684814453,1938.3084716796875,0.0
774,-202.2887420654297,85.89411926269531,-1559.278076171875,247.2687530517578,-2065.343505859375,195.36456298828125,-2065.343505859375,195.36456298828125,1996.615234375,0.0
777,-208.25283813476562,87.30787658691406,-1559.278076171875,247.2687530517578,-2074.294677734375,196.2495574951172,-2074.294677734375,196.2495574951172,2063.237548828125,0.0
780,-214.09437561035156,88.7550277709961,-1559.2479248046875,252.0269012451172,-2083.245849609375,197.13455200195312,-2083.245849609375,197.13455200195312,2155.852783203125,0.0
783,-219.82357788085938,90.12425994873047,-1559.1878662109375,261.543212890625,-2092.197021484375,198.01954650878906,-2092.197021484375,198.01954650878906,2249.271728515625,0.0
786,-225.4710693359375,91.5602798461914,-1559.969970703125,137.83135986328125,-2101.148193359375,198.904541015625,-2101.148193359375,198.904541015625,2344.243896484375,0.0
789,-231.00624084472656,93.4638442993164,-1559.969970703125,137.83135986328125,-2110.099365234375,199.78953552246094,-2110.099365234375,199.78953552246094,2423.775390625,0.0
791,-236.55160522460938,95.45646667480469,-1559.969970703125,137.83135986328125,-2119.050537109375,200.67453002929688,-2119.050537109375,200.67453002929688,2507.44970703125,0.0
794,-242.18890380859375,97.61605834960938,-1559.9398193359375,142.58950805664062,-2128.001708984375,201.5595245361328,-2128.001708984375,201.5595245361328,2584.3037109375,0.0
797,-247.62193298339844,100.44357299804688,-1559.969970703125,137.83135986328125,-2136.952880859375,202.44451904296875,-2136.952880859375,202.44451904296875,2673.248046875,0.0
800,-252.67710876464844,103.70523834228516,-1559.15771484375,266.3013610839844,-2145.904052734375,203.3295135498047,-2145.904052734375,203.3295135498047,2766.17333984375,0.0
803,-257.395263671875,107.14501190185547,-1559.15771484375,266.3013610839844,-2154.855224609375,204.21450805664062,-2154.855224609375,204.21450805664062,2844.787841796875,0.0
806,-262.1134338378906,110.5068588256836,-1559.15771484375,266.3013610839844,-2163.806396484375,205.09950256347656,-2163.806396484375,205.09950256347656,2929.56005859375,0.0
809,-266.9132995605469,113.957763671875,-1559.15771484375,266.3013610839844,-2172.757568359375,205.9844970703125,-2172.757568359375,205.9844970703125,3014.20849609375,0.0
812,-271.73358154296875,117.53112030029297,-1559.15771484375,266.3013610839844,-2181.708740234375,206.86949157714844,-2181.708740234375,206.86949157714844,3088.879638671875,0.0
815,-276.4517517089844,121.2269287109375,-1559.127685546875,271.05950927734375,-2190.659912109375,207.75448608398438,-2190.659912109375,207.75448608398438,3146.99658203125,0.0
818,-281.09844970703125,124.95613098144531,-1559.30810546875,242.5106201171875,-2199.611083984375,208.6394805908203,-2199.611083984375,208.6394805908203,3187.942626953125,0.0
820,-285.683837890625,128.6741943359375,-1559.30810546875,242.5106201171875,-2208.562255859375,209.52447509765625,-2208.562255859375,209.52447509765625,3283.90869140625,0.0
823,-290.2896728515625,132.5703887939453,-1559.30810546875,242.5106201171875,-2217.513427734375,210.4094696044922,-2217.513427734375,210.4094696044922,3363.83056640625,0.0
826,-294.9261169433594,136.3663787841797,-1559.30810546875,242.5106201171875,-2226.464599609375,211.29446411132812,-2226.464599609375,211.29446411132812,3455.177001953125,0.0
829,-299.4911193847656,140.0733184814453,-1559.30810546875,242.5106201171875,-2235.415771484375,212.17945861816406,-2235.415771484375,212.17945861816406,3541.972900390625,0.0
832,-304.02545166015625,143.8804473876953,-1559.30810546875,242.5106201171875,-2244.366943359375,213.064453125,-2244.366943359375,213.064453125,3638.769287109375,0.0
835,-308.672119140625,147.6764373779297,-1559.30810546875,242.5106201171875,-2253.318115234375,213.94944763183594,-2253.318115234375,213.94944763183594,3727.0751953125,0.0
838,-313.3596496582031,151.3722381591797,-1559.3382568359375,237.75247192382812,-2262.269287109375,214.83444213867188,-2262.269287109375,214.83444213867188,3820.286865234375,0.0
841,-318.0369567871094,155.04579162597656,-1559.3382568359375,237.75247192382812,-2271.220458984375,215.7194366455078,-2271.220458984375,215.7194366455078,3922.308837890625,0.0
844,-322.7755432128906,158.63027954101562,-1559.3382568359375,237.75247192382812,-2280.171630859375,216.60443115234375,-2280.171630859375,216.60443115234375,4022.177001953125,0.0
847,-327.5447692871094,162.2926788330078,-1559.3382568359375,237.75247192382812,-2289.122802734375,217.4894256591797,-2289.122802734375,217.4894256591797,4128.58349609375,0.0
849,-332.25274658203125,165.9439697265625,-1559.3382568359375,237.75247192382812,-2298.073974609375,218.37442016601562,-2298.073974609375,218.37442016601562,4230.44482421875,0.0
852,-336.9504699707031,169.68429565429688,-1559.3382568359375,237.75247192382812,-2307.025146484375,219.25941467285156,-2307.025146484375,219.25941467285156,4338.49609375,0.0
855,-341.66864013671875,173.35784912109375,-1558.977294921875,294.8502502441406,-2315.976318359375,220.1444091796875,-2315.976318359375,220.1444091796875,4514.3662109375,0.0
858,-346.4276428222656,176.80874633789062,-1558.977294921875,294.8502502441406,-2324.927490234375,221.02940368652344,-2324.927490234375,221.02940368652344,4629.2568359375,0.0
861,-351.4521789550781,179.98135375976562,-1558.977294921875,294.8502502441406,-2333.878662109375,221.91439819335938,-2333.878662109375,221.91439819335938,4732.63818359375,0.0
864,-356.65032958984375,182.97584533691406,-1558.977294921875,294.8502502441406,-2342.829833984375,222.7993927001953,-2342.829833984375,222.7993927001953,4841.0712890625,0.0
867,-361.76678466796875,186.11505126953125,-1558.977294921875,294.8502502441406,-2351.781005859375,223.68438720703125,-2351.781005859375,223.68438720703125,4948.6162109375,0.0
870,-366.8424072265625,189.18746948242188,-1558.9471435546875,299.6083679199219,-2360.732177734375,224.5693817138672,-2360.732177734375,224.5693817138672,5104.470703125,0.0
873,-371.8260803222656,192.22650146484375,-1558.9471435546875,299.6083679199219,-2369.683349609375,225.45437622070312,-2369.683349609375,225.45437622070312,5214.96875,0.0
876,-376.96295166015625,195.29891967773438,-1558.9471435546875,299.6083679199219,-2378.634521484375,226.33937072753906,-2378.634521484375,226.33937072753906,5334.54150390625,0.0
878,-382.0998229980469,198.3936004638672,-1558.9471435546875,299.6083679199219,-2387.585693359375,227.224365234375,-2387.585693359375,227.224365234375,5468.28173828125,0.0
881,-387.2469177246094,201.4660186767578,-1558.9471435546875,299.6083679199219,-2396.536865234375,228.10935974121094,-2396.536865234375,228.10935974121094,5572.744140625,0.0
884,-392.15911865234375,204.8389892578125,-1558.9171142578125,304.36651611328125,-2405.488037109375,228.99435424804688,-2405.488037109375,228.99435424804688,5708.2412109375,0.0
887,-396.6219787597656,208.6795196533203,-1558.9171142578125,304.36651611328125,-2414.439208984375,229.8793487548828,-2414.439208984375,229.8793487548828,5819.0185546875,0.0
890,-400.9622802734375,212.59796142578125,-1558.9171142578125,304.36651611328125,-2423.390380859375,230.76434326171875,-2423.390380859375,230.76434326171875,5936.27392578125,0.0
893,-405.2719421386719,216.64999389648438,-1558.9171142578125,304.36651611328125,-2432.341552734375,231.6493377685547,-2432.341552734375,231.6493377685547,6053.65283203125,0.0
896,-409.5611877441406,220.80221557617188,-1558.9171142578125,304.36651611328125,-2441.292724609375,232.53433227539062,-2441.292724609375,232.53433227539062,6189.56494140625,0.0
899,-413.7176513671875,225.0323486328125,-1558.9171142578125,304.36651611328125,-2450.243896484375,233.41932678222656,-2450.243896484375,233.41932678222656,6305.171875,0.0
902,-417.8026428222656,229.40721130371094,-1558.9171142578125,304.36651611328125,-2459.195068359375,234.3043212890625,-2459.195068359375,234.3043212890625,6438.2900390625,0.0
905,-421.7957458496094,233.8265838623047,-1558.9171142578125,304.36651611328125,-2468.146240234375,235.18931579589844,-2468.146240234375,235.18931579589844,6576.09912109375,0.0
907,-425.7581787109375,238.36842346191406,-1558.9171142578125,304.36651611328125,-2477.097412109375,236.07431030273438,-2477.097412109375,236.07431030273438,6620.9189453125,0.0
910,-429.4959411621094,242.98818969726562,-1558.9171142578125,304.36651611328125,-2486.048583984375,236.9593048095703,-2486.048583984375,236.9593048095703,6765.13623046875,0.0
913,-433.32562255859375,247.48548889160156,-1559.15771484375,266.3013610839844,-2494.999755859375,237.84429931640625,-2494.999755859375,237.84429931640625,6891.939453125,0.0
916,-437.16552734375,251.90487670898438,-1559.127685546875,271.05950927734375,-2503.950927734375,238.7292938232422,-2503.950927734375,238.7292938232422,6949.994140625,0.0
919,-441.0360412597656,256.50238037109375,-1559.127685546875,271.05950927734375,-2512.902099609375,239.61428833007812,-2512.902099609375,239.61428833007812,7130.11767578125,0.0
922,-444.8963623046875,261.1332702636719,-1559.127685546875,271.05950927734375,-2521.853271484375,240.49928283691406,-2521.853271484375,240.49928283691406,7208.5390625,0.0
925,-448.8486022949219,265.81982421875,-1559.127685546875,271.05950927734375,-2530.804443359375,241.38427734375,-2530.804443359375,241.38427734375,7355.9912109375,0.0
928,-452.7701721191406,270.2725830078125,-1559.127685546875,271.05950927734375,-2539.755615234375,242.26927185058594,-2539.755615234375,242.26927185058594,7513.42626953125,0.0
931,-456.6407165527344,274.7810363769531,-1559.0975341796875,275.8176574707031,-2548.706787109375,243.15426635742188,-2548.706787109375,243.15426635742188,7638.3330078125,0.0
934,-460.43975830078125,279.2560729980469,-1559.0975341796875,275.8176574707031,-2557.657958984375,244.0392608642578,-2557.657958984375,244.0392608642578,7741.92626953125,0.0
937,-464.32049560546875,283.68658447265625,-1558.9171142578125,304.36651611328125,-2566.609130859375,244.92425537109375,-2566.609130859375,244.92425537109375,7963.64697265625,0.0
940,-468.2522888183594,288.36199951171875,-1558.9171142578125,304.36651611328125,-2575.560302734375,245.8092498779297,-2575.560302734375,245.8092498779297,8176.79833984375,0.0
943,-472.1534729003906,292.9483642578125,-1558.9171142578125,304.36651611328125,-2584.511474609375,246.69424438476562,-2584.511474609375,246.69424438476562,8328.5556640625,0.0
946,-476.0137634277344,297.46795654296875,-1558.9171142578125,304.36651611328125,-2593.462646484375,247.57923889160156,-2593.462646484375,247.57923889160156,8466.6455078125,0.0
949,-479.4757995605469,301.4754333496094,-1558.9171142578125,304.36651611328125,-2602.413818359375,248.4642333984375,-2602.413818359375,248.4642333984375,8634.0576171875,0.0
953,-481.0587463378906,303.53485107421875,-1559.127685546875,271.05950927734375,-2611.364990234375,249.34922790527344,-2611.364990234375,249.34922790527344,8638.9931640625,0.0
957,-479.4656066894531,302.4550476074219,-1558.9171142578125,304.36651611328125,-2620.316162109375,250.23422241210938,-2620.316162109375,250.23422241210938,8970.1689453125,0.0
960,-476.9022521972656,300.58489990234375,-1558.9171142578125,304.36651611328125,-2629.267333984375,251.1192169189453,-2629.267333984375,251.1192169189453,9030.5556640625,0.0
963,-473.13385009765625,298.0133972167969,-1558.9171142578125,304.36651611328125,-2638.218505859375,252.00421142578125,-2638.218505859375,252.00421142578125,9230.18359375,0.0
966,-467.557861328125,294.65155029296875,-1558.9171142578125,304.36651611328125,-2647.169677734375,252.8892059326172,-2647.169677734375,252.8892059326172,9309.591796875,0.0
969,-460.4295349121094,290.4659423828125,-1559.127685546875,271.05950927734375,-2656.120849609375,253.77420043945312,-2656.120849609375,253.77420043945312,9345.0712890625,0.0
974,-455.7215881347656,287.31561279296875,-1559.127685546875,271.05950927734375,-2665.072021484375,254.65919494628906,-2665.072021484375,254.65919494628906,9645.4296875,0.0
978,-456.5794372558594,287.89447021484375,-1558.9171142578125,304.36651611328125,-2674.023193359375,255.544189453125,-2674.023193359375,255.544189453125,9816.8349609375,0.0
1011,-456.2015686035156,288.1727600097656,-1558.9171142578125,304.36651611328125,-2682.974365234375,256.4291687011719,-2682.974365234375,256.4291687011719,9928.525390625,0.0
1043,-455.0986328125,287.54937744140625,-1558.9171142578125,304.36651611328125,-2691.925537109375,257.31414794921875,-2691.925537109375,257.31414794921875,10136.53515625,0.0
1046,-453.291015625,286.480712890625,-1558.9171142578125,304.36651611328125,-2700.876708984375,258.1991271972656,-2700.876708984375,258.1991271972656,10269.9140625,0.0
1049,-450.08428955078125,284.4546813964844,-1558.9171142578125,304.36651611328125,-2709.827880859375,259.0841064453125,-2709.827880859375,259.0841064453125,10435.1533203125,0.0
1052,-445.1108093261719,281.2264404296875,-1558.9171142578125,304.36651611328125,-2718.779052734375,259.9690856933594,-2718.779052734375,259.9690856933594,10595.6826171875,0.0
1055,-438.4012145996094,276.98516845703125,-1558.9171142578125,304.36651611328125,-2727.730224609375,260.85406494140625,-2727.730224609375,260.85406494140625,10829.31640625,0.0
1058,-430.7010192871094,272.109375,-1559.127685546875,271.05950927734375,-2736.681396484375,261.7390441894531,-2736.681396484375,261.7390441894531,10780.3486328125,0.0
1060,-422.6229553222656,266.8662109375,-1559.127685546875,271.05950927734375,-2745.632568359375,262.6240234375,-2745.632568359375,262.6240234375,10978.4140625,0.0
1063,-414.2997741699219,261.5451354980469,-1559.127685546875,271.05950927734375,-2754.583740234375,263.5090026855469,-2754.583740234375,263.5090026855469,11226.33203125,0.0
1066,-405.7723693847656,256.302001953125,-1559.127685546875,271.05950927734375,-2763.534912109375,264.39398193359375,-2763.534912109375,264.39398193359375,11339.8681640625,0.0
1069,-397.2959899902344,251.03659057617188,-1558.886962890625,309.1246643066406,-2772.486083984375,265.2789611816406,-2772.486083984375,265.2789611816406,11474.83203125,0.0
1072,-388.9217834472656,245.71551513671875,-1558.886962890625,309.1246643066406,-2781.437255859375,266.1639404296875,-2781.437255859375,266.1639404296875,11674.9931640625,0.0
1075,-380.58837890625,240.30538940429688,-1558.886962890625,309.1246643066406,-2790.388427734375,267.0489196777344,-2790.388427734375,267.0489196777344,11835.833984375,0.0
1078,-372.1733093261719,234.895263671875,-1558.886962890625,309.1246643066406,-2799.339599609375,267.93389892578125,-2799.339599609375,267.93389892578125,12028.69140625,0.0
1081,-363.676513671875,229.61871337890625,-1558.9171142578125,304.36651611328125,-2808.290771484375,268.8188781738281,-2808.290771484375,268.8188781738281,12233.5390625,0.0
1084,-355.1899719238281,224.33103942871094,-1558.9171142578125,304.36651611328125,-2817.241943359375,269.703857421875,-2817.241943359375,269.703857421875,12327.7529296875,0.0
1086,-346.7442321777344,218.96543884277344,-1558.886962890625,309.1246643066406,-2826.193115234375,270.5888366699219,-2826.193115234375,270.5888366699219,12538.7060546875,0.0
1089,-338.39044189453125,213.61097717285156,-1558.9171142578125,304.36651611328125,-2835.144287109375,271.47381591796875,-2835.144287109375,271.47381591796875,12690.9921875,0.0
1092,-330.0468444824219,208.301025390625,-1558.886962890625,309.1246643066406,-2844.095458984375,272.3587951660156,-2844.095458984375,272.3587951660156,12897.259765625,0.0
1095,-321.6215515136719,202.90203857421875,-1558.9171142578125,304.36651611328125,-2853.046630859375,273.2437744140625,-2853.046630859375,273.2437744140625,13133.373046875,0.0
1098,-313.0736999511719,197.55870056152344,-1558.9171142578125,304.36651611328125,-2861.997802734375,274.1287536621094,-2861.997802734375,274.1287536621094,13316.3916015625,0.0
1101,-304.5564880371094,192.2376251220703,-1558.9171142578125,304.36651611328125,-2870.948974609375,275.01373291015625,-2870.948974609375,275.01373291015625,13518.84765625,0.0
1104,-296.11077880859375,186.949951171875,-1558.9171142578125,304.36651611328125,-2879.900146484375,275.8987121582031,-2879.900146484375,275.8987121582031,13641.6591796875,0.0
1107,-287.7671813964844,181.6177520751953,-1558.886962890625,309.1246643066406,-2888.851318359375,276.78369140625,-2888.851318359375,276.78369140625,13860.501953125,0.0
1110,-279.3623046875,176.330078125,-1558.886962890625,309.1246643066406,-2897.802490234375,277.6686706542969,-2897.802490234375,277.6686706542969,14075.3017578125,0.0
1112,-270.86553955078125,170.9422149658203,-1558.886962890625,309.1246643066406,-2906.753662109375,278.55364990234375,-2906.753662109375,278.55364990234375,14242.1162109375,0.0
1115,-262.28704833984375,165.39849853515625,-1558.886962890625,309.1246643066406,-2915.704833984375,279.4386291503906,-2915.704833984375,279.4386291503906,14424.8984375,0.0
1118,-253.82090759277344,160.05516052246094,-1558.6163330078125,351.947998046875,-2924.656005859375,280.3236083984375,-2924.656005859375,280.3236083984375,14554.931640625,0.0
1121,-245.52838134765625,154.81201171875,-1558.6163330078125,351.947998046875,-2933.607177734375,281.2085876464844,-2933.607177734375,281.2085876464844,14910.5400390625,0.0
1124,-237.23583984375,149.51321411132812,-1558.6163330078125,351.947998046875,-2942.558349609375,282.09356689453125,-2942.558349609375,282.09356689453125,15216.23828125,0.0
1127,-228.74928283691406,144.1698760986328,-1558.6163330078125,351.947998046875,-2951.509521484375,282.9785461425781,-2951.509521484375,282.9785461425781,15440.6787109375,0.0
1130,-220.21165466308594,138.81539916992188,-1558.6163330078125,351.947998046875,-2960.460693359375,283.863525390625,-2960.460693359375,283.863525390625,15638.548828125,0.0
1133,-211.76593017578125,133.4832000732422,-1558.586181640625,356.7061462402344,-2969.411865234375,284.7485046386719,-2969.411865234375,284.7485046386719,15833.25390625,0.0
1136,-203.34063720703125,128.1287384033203,-1558.586181640625,356.7061462402344,-2978.363037109375,285.63348388671875,-2978.363037109375,285.63348388671875,15908.525390625,0.0
1139,-194.85406494140625,122.785400390625,-1559.127685546875,271.05950927734375,-2987.314208984375,286.5184631347656,-2987.314208984375,286.5184631347656,15967.2705078125,0.0
1142,-186.34707641601562,117.4197998046875,-1558.9171142578125,304.36651611328125,-2996.265380859375,287.4034423828125,-2996.265380859375,287.4034423828125,15961.3662109375,0.0
1145,-177.97283935546875,112.05419921875,-1558.9171142578125,304.36651611328125,-3005.216552734375,288.2884216308594,-3005.216552734375,288.2884216308594,16322.353515625,0.0
1148,-169.51690673828125,106.7331314086914,-1558.9171142578125,304.36651611328125,-3014.167724609375,289.17340087890625,-3014.167724609375,289.17340087890625,16669.798828125,0.0
1151,-161.02012634277344,101.41205596923828,-1558.9171142578125,304.36651611328125,-3023.118896484375,290.0583801269531,-3023.118896484375,290.0583801269531,16787.265625,0.0
1154,-152.4722900390625,96.04645538330078,-1558.9171142578125,304.36651611328125,-3032.070068359375,290.943359375,-3032.070068359375,290.943359375,16919.001953125,0.0
1157,-144.0061492919922,90.60293579101562,-1558.9171142578125,304.36651611328125,-3041.021240234375,291.8283386230469,-3041.021240234375,291.8283386230469,17044.87890625,0.0
1159,-135.67276000976562,85.23733520507812,-1558.9171142578125,304.36651611328125,-3049.972412109375,292.71331787109375,-3049.972412109375,292.71331787109375,17276.427734375,0.0
1162,-127.31895446777344,79.971923828125,-1558.9171142578125,304.36651611328125,-3058.923583984375,293.5982971191406,-3058.923583984375,293.5982971191406,17481.873046875,0.0
1165,-118.86302185058594,74.72877502441406,-1558.9171142578125,304.36651611328125,-3067.874755859375,294.4832763671875,-3067.874755859375,294.4832763671875,17639.953125,0.0
1168,-110.34581756591797,69.36317443847656,-1558.9171142578125,304.36651611328125,-3076.825927734375,295.3682556152344,-3076.825927734375,295.3682556152344,17895.66796875,0.0
1171,-101.81839752197266,63.90851974487305,-1558.886962890625,309.1246643066406,-3085.777099609375,296.25323486328125,-3085.777099609375,296.25323486328125,18019.98046875,0.0
1174,-93.41352844238281,58.52065658569336,-1558.9171142578125,304.36651611328125,-3094.728271484375,297.1382141113281,-3094.728271484375,297.1382141113281,18326.90625,0.0
1177,-85.02908325195312,53.210716247558594,-1559.0975341796875,275.8176574707031,-3103.679443359375,298.023193359375,-3103.679443359375,298.023193359375,18418.359375,0.0
1180,-76.55272674560547,47.934173583984375,-1559.127685546875,271.05950927734375,-3112.630615234375,298.9081726074219,-3112.630615234375,298.9081726074219,18808.78515625,0.0
1183,-68.07637023925781,42.59083557128906,-1558.55615234375,361.46429443359375,-3121.581787109375,299.79315185546875,-3121.581787109375,299.79315185546875,19180.44921875,0.0
1186,-59.589805603027344,37.202972412109375,-1558.55615234375,361.46429443359375,-3130.532958984375,300.6781311035156,-3130.532958984375,300.6781311035156,19198.4375,0.0
1189,-51.08280944824219,31.88190269470215,-1558.5260009765625,366.2224426269531,-3139.484130859375,301.5631103515625,-3139.484130859375,301.5631103515625,19587.287109375,0.0
1192,-42.68815612792969,26.527435302734375,-1558.886962890625,309.1246643066406,-3148.435302734375,302.4480895996094,-3148.435302734375,302.4480895996094,19681.3125,0.0
1195,-34.354774475097656,21.161834716796875,-1558.886962890625,309.1246643066406,-3157.386474609375,303.33306884765625,-3157.386474609375,303.33306884765625,19989.16796875,0.0
1198,-25.85799217224121,15.762840270996094,-1558.5260009765625,366.2224426269531,-3166.337646484375,304.2180480957031,-3166.337646484375,304.2180480957031,20284.373046875,0.0
1201,-17.412273406982422,10.541955947875977,-1558.9171142578125,304.36651611328125,-3175.288818359375,305.10302734375,-3175.288818359375,305.10302734375,20455.513671875,0.0
1204,-9.446541786193848,5.6772942543029785,-1558.5260009765625,366.2224426269531,-3184.239990234375,305.9880065917969,-3184.239990234375,305.9880065917969,20643.828125,0.0
1207,-2.8288562297821045,1.5584728717803955,-1558.4959716796875,370.9805908203125,-3193.191162109375,306.87298583984375,-3193.191162109375,306.87298583984375,21161.53515625,0.0
1210,1.7667585611343384,-1.5139451026916504,-1558.5260009765625,366.2224426269531,-3202.142333984375,307.7579650878906,-3202.142333984375,307.7579650878906,21379.158203125,0.0
1213,4.258603096008301,-3.3729805946350098,-1558.5260009765625,366.2224426269531,-3211.093505859375,308.6429443359375,-3211.093505859375,308.6429443359375,21569.736328125,0.0
1234,4.687527179718018,-2.9944941997528076,-1558.5260009765625,366.2224426269531,-3220.044677734375,309.5279235839844,-3220.044677734375,309.5279235839844,21638.7265625,0.0
1256,3.8194665908813477,-3.484300136566162,-1558.4659423828125,375.7387390136719,-3228.995849609375,310.41290283203125,-3228.995849609375,310.41290283203125,21976.634765625,0.0
