run_id,pipeline,grid_size,candidate_count,decoder,gru_ablation,bandwidth_m,tau,seed,training_from_scratch,jitter_m,route,MLE_m,MedLE_m,P90_m,P95_m,P99_m,CVaR90_m,LSR@5_pct,LSR@10_pct,LSR@15_pct,LSR@20_pct
bandwidth_12m,MKG,6,36,softms,full,12.0,0.3,2026,True,0.0,route_B,6.10771889783197,5.16404903225172,12.306564488857244,15.185833900482095,19.367216305702,15.63653504733806,48.68189806678383,83.21616871704745,94.72759226713534,99.78031634446397
bandwidth_12m,MKG,6,36,softms,full,12.0,0.3,2026,True,0.0,route_C,6.143519850236341,4.57422674148312,14.967152053107252,16.314639269920324,17.579573748681355,16.49937349405186,54.531001589825124,79.57074721780603,90.06359300476947,99.68203497615262
bandwidth_4m,MKG,6,36,softms,full,4.0,0.3,2026,True,0.0,route_B,6.626265178388764,5.884923214914064,12.77121382976965,15.40451288842255,18.395894395371464,15.618705791571784,42.39894551845343,79.13005272407733,94.33216168717048,99.86818980667839
bandwidth_4m,MKG,6,36,softms,full,4.0,0.3,2026,True,0.0,route_C,5.845438114937101,4.6407227533616355,12.343330659724947,14.146346488307001,16.644761200560932,14.591226028365949,53.97456279809221,80.9220985691574,96.26391096979332,99.84101748807632
baseline_mkg_6x6,MKG,6,36,softms,full,8.0,0.3,2026,True,0.0,route_B,6.4689494109074595,5.617388374854624,12.682374212687947,14.922835247425411,18.734562157929567,15.362759243973011,43.32161687170474,80.57996485061511,95.07908611599298,99.78031634446397
baseline_mkg_6x6,MKG,6,36,softms,full,8.0,0.3,2026,True,0.0,route_C,6.021047471246024,4.742205785805611,12.611187476068693,13.996201342272546,17.8250427318163,14.772039288129424,52.94117647058824,79.96820349761526,96.34340222575517,99.92050874403816
baseline_mkg_6x6,MKG,6,36,softms,full,8.0,0.3,2026,True,5.0,route_B,7.324102611247055,6.40444671256307,13.503633427984582,16.323959502009018,20.014080010888257,16.674535796131593,33.655536028119506,76.49384885764499,92.75043936731107,98.98945518453426
baseline_mkg_6x6,MKG,6,36,softms,full,8.0,0.3,2026,True,5.0,route_C,6.860682387888867,5.8488690708252715,13.350020551773378,15.487896121098112,18.237633697909132,15.848857127885282,41.0174880763116,80.44515103338632,94.0381558028617,99.76152623211448
baseline_mkg_6x6,MKG,6,36,softms,full,8.0,0.3,2026,True,10.0,route_B,9.544465150943639,8.813663856463098,15.663294042743257,18.732859341798676,23.17350569164404,19.3579696311838,13.620386643233742,61.15992970123023,87.91739894551846,96.30931458699473
baseline_mkg_6x6,MKG,6,36,softms,full,8.0,0.3,2026,True,10.0,route_C,8.954967632346962,8.334295396246901,14.713946226855468,17.072911709606633,20.362710887020413,17.555008090723632,16.295707472178062,65.81875993640699,90.69952305246423,98.80763116057234
baseline_mkg_6x6,MKG,6,36,softms,full,8.0,0.3,2026,True,15.0,route_B,12.606765502943082,12.055770174300596,18.72267388001059,22.027733854223214,27.561216875692864,22.737563518643693,5.184534270650263,30.052724077328648,72.89103690685414,92.61862917398945
baseline_mkg_6x6,MKG,6,36,softms,full,8.0,0.3,2026,True,15.0,route_C,11.901063856367577,11.553897106194865,17.249286245608825,19.98339075286864,23.74988443082216,20.68151986795807,4.610492845786964,31.558028616852145,81.39904610492846,94.99205087440382
baseline_mkg_6x6,MKG,6,36,softms,full,8.0,0.3,2026,True,20.0,route_B,16.218791673345734,15.639067364599821,22.75943974440846,25.610026828784882,31.145903579476503,26.55435069540544,0.9666080843585236,8.347978910369068,42.838312829525485,81.32688927943761
baseline_mkg_6x6,MKG,6,36,softms,full,8.0,0.3,2026,True,20.0,route_C,15.435204112941342,15.134451026426735,21.282005107348056,23.64956097127768,28.644353810427198,24.534736722549056,1.3513513513513513,8.982511923688394,48.171701112877585,86.8839427662957
component_m,M,6,36,softms,full,8.0,0.3,2026,False,0.0,route_B,6.550177711806255,5.926681814412833,11.61514468243844,12.740446702547192,14.753879680117759,13.132112560557198,39.49912126537786,80.57996485061511,99.12126537785588,100.0
component_m,M,6,36,softms,full,8.0,0.3,2026,False,0.0,route_C,6.0345389904671265,5.314230134052372,11.640791770644801,12.14528019760808,14.280274990583653,12.642010834052925,45.78696343402226,83.06836248012719,99.52305246422894,100.0
component_mg,MG,6,36,softms,full,8.0,0.3,2026,True,0.0,route_B,6.955438557150339,6.222547203702883,13.176321979093782,15.236594626279052,18.61868013128882,15.683561279266765,39.235500878734626,77.50439367311071,94.59578207381371,99.78031634446397
component_mg,MG,6,36,softms,full,8.0,0.3,2026,True,0.0,route_C,6.07319175925879,5.102340835487559,12.179587879320295,13.616614257256762,15.56277800290697,13.84842190426103,49.2845786963434,80.28616852146264,97.8537360890302,100.0
component_mk,MK,6,36,softms,full,8.0,0.3,2026,False,0.0,route_B,6.594769023784256,5.876092816130496,11.7848096924723,12.925259238504818,14.94846485545743,13.217917281473754,40.202108963093146,79.43760984182776,99.16520210896309,100.0
component_mk,MK,6,36,softms,full,8.0,0.3,2026,False,0.0,route_C,6.069240543697146,5.195193095593862,11.725564618304656,12.153775112503599,14.124064682244418,12.656519669001321,46.97933227344992,82.9093799682035,99.76152623211448,100.0
decoder_top1,MKG,6,36,top1,full,8.0,0.3,2026,True,0.0,route_B,12.404024172994452,11.993940086653954,20.125766294098067,22.234644868078608,26.596167389158396,22.986263756903266,9.270650263620386,36.64323374340949,67.9261862917399,89.45518453427064
decoder_top1,MKG,6,36,top1,full,8.0,0.3,2026,True,0.0,route_C,11.309380777177653,10.877842170339125,18.70520609371884,20.97282919747714,23.710799924663206,21.1875952322931,11.446740858505565,43.48171701112877,75.43720190779014,93.72019077901432
decoder_weighted,MKG,6,36,weighted,full,8.0,0.3,2026,True,0.0,route_B,5.419884509048705,4.424151402920284,10.669232927147604,13.543123802618453,18.421426948913126,14.140411256261517,55.931458699472756,86.8189806678383,96.66080843585237,99.95606326889279
decoder_weighted,MKG,6,36,weighted,full,8.0,0.3,2026,True,0.0,route_C,5.391609813227283,3.9695298785776645,11.812956252655814,15.177528753499228,17.17970348755168,15.10782494777983,61.04928457869634,85.21462639109699,94.4356120826709,99.84101748807632
gru_no_first_difference,MKG,6,36,softms,no_first_difference,8.0,0.3,2026,True,0.0,route_B,6.629418555786212,5.445362104841889,13.404902591113753,16.092814066328764,21.514211791995276,17.03632209484605,45.95782073813709,79.56942003514939,93.58523725834797,97.58347978910369
gru_no_first_difference,MKG,6,36,softms,no_first_difference,8.0,0.3,2026,True,0.0,route_C,6.07717292759528,4.637697684145894,12.642644986778338,16.525514828726877,18.83010818806375,16.201165970461822,53.17965023847376,78.93481717011129,93.24324324324324,99.92050874403816
gru_no_temporal_mean,MKG,6,36,softms,no_temporal_mean,8.0,0.3,2026,True,0.0,route_B,6.701398456789015,5.866505606646836,12.663982990390066,15.227116039326498,20.523544102512467,16.213491496238277,41.73989455184534,79.87697715289983,94.59578207381371,98.3743409490334
gru_no_temporal_mean,MKG,6,36,softms,no_temporal_mean,8.0,0.3,2026,True,0.0,route_C,6.333946433297782,4.780608351738507,13.53784406125723,16.228696187711407,19.65431723479893,16.61883378309563,52.702702702702695,79.09379968203497,92.36883942766295,98.96661367249602
gru_no_variance,MKG,6,36,softms,no_variance,8.0,0.3,2026,True,0.0,route_B,6.980509243059115,6.301216589980246,13.12174964040723,15.551116608833619,19.38952827942381,15.990487038938129,37.91739894551846,76.84534270650263,94.24428822495607,99.42882249560633
gru_no_variance,MKG,6,36,softms,no_variance,8.0,0.3,2026,True,0.0,route_C,6.854562612817216,5.939739786760235,13.973882447529656,15.649996308308427,17.83180679212513,15.848520163138382,41.971383147853736,75.11923688394276,93.32273449920508,100.0
gru_no_xy,MKG,6,36,softms,no_xy,8.0,0.3,2026,True,0.0,route_B,6.233974051580197,5.597844093099544,11.808121478698855,13.697525906218315,16.707674453292366,13.99875644944716,44.244288224956065,82.86467486818981,97.75922671353251,99.95606326889279
gru_no_xy,MKG,6,36,softms,no_xy,8.0,0.3,2026,True,0.0,route_C,5.89061929003639,4.732251208658324,12.384398106091453,13.868421424823655,15.867638500929953,14.293206235187515,52.861685214626384,82.27344992050874,97.61526232114467,100.0
seed_123,MKG,6,36,softms,full,8.0,0.3,123,True,0.0,route_B,6.348820521719766,5.48474534349147,12.512335308672778,15.198950885627234,18.98211647395256,15.62935659433546,45.298769771528995,82.20562390158173,94.63971880492092,99.69244288224957
seed_123,MKG,6,36,softms,full,8.0,0.3,123,True,0.0,route_C,5.671506065696882,4.326079266339525,12.029236377760363,14.040096545825941,17.603610786663598,14.574950585229917,56.91573926868044,82.43243243243244,96.74085850556439,99.4435612082671
seed_456,MKG,6,36,softms,full,8.0,0.3,456,True,0.0,route_B,6.408901361275365,5.464329439740691,12.664924689597731,15.61162509709121,19.825136776732844,16.26663933860674,45.650263620386646,81.195079086116,94.15641476274165,99.12126537785588
seed_456,MKG,6,36,softms,full,8.0,0.3,456,True,0.0,route_C,5.91491574882458,4.250890988810053,14.02892863796344,16.343626696054866,18.236245831022384,16.562453975151346,56.04133545310016,81.637519872814,91.33545310015899,99.68203497615262
tau_0p20,MKG,6,36,softms,full,8.0,0.2,2026,True,0.0,route_B,7.6946664804913425,6.689127369315113,14.990427509822222,17.7677133282299,21.334134595754342,18.218274473081262,35.89630931458699,71.74868189806678,90.11423550087873,97.05623901581723
tau_0p20,MKG,6,36,softms,full,8.0,0.2,2026,True,0.0,route_C,6.784596563939717,5.238007506374586,14.629324793556249,16.83704881928743,18.747488134401543,16.94148487674783,48.330683624801274,75.75516693163752,91.17647058823529,99.52305246422894
tau_0p50,MKG,6,36,softms,full,8.0,0.5,2026,True,0.0,route_B,4.793909537730339,4.167688148290335,9.063238385903425,10.602893342502094,13.88006724762703,11.174467769997024,60.41300527240774,93.89279437609842,99.42882249560633,100.0
tau_0p50,MKG,6,36,softms,full,8.0,0.5,2026,True,0.0,route_C,4.539163693732788,3.6993291498012466,9.305099323081283,10.710891579122787,12.4344406851849,10.905481320443045,62.32114467408585,93.08426073131956,99.92050874403816,100.0
window_4x4,MKG,4,16,softms,full,8.0,0.3,2026,True,0.0,route_B,4.196666863303522,3.7261654263249584,7.806663057277786,9.182127685340319,11.34351351589047,9.4330328367389,67.39894551845342,96.92442882249561,100.0,100.0
window_4x4,MKG,4,16,softms,full,8.0,0.3,2026,True,0.0,route_C,3.4655417895339635,2.9572943862592953,6.491963444713191,7.57282509999396,10.194232984169359,7.997453949303689,75.9141494435612,98.80763116057234,100.0,100.0
window_5x5,MKG,5,25,softms,full,8.0,0.3,2026,True,0.0,route_B,5.067096382696982,4.392444027825702,9.46498177657119,11.242121607713553,14.977157712434655,11.811417860201992,56.89806678383128,91.91564147627417,99.07732864674868,100.0
window_5x5,MKG,5,25,softms,full,8.0,0.3,2026,True,0.0,route_C,4.945653650696551,3.9390998637044055,10.54799144603756,12.928734633963124,15.070416690638092,13.027511957341488,63.910969793322735,88.95071542130366,98.80763116057234,100.0
window_7x7,MKG,7,49,softms,full,8.0,0.3,2026,True,0.0,route_B,8.861523529288915,8.23253658282004,16.102953997825292,18.64877943077136,23.148859931770843,19.335358565767972,28.646748681898064,60.852372583479784,86.8189806678383,96.66080843585237
window_7x7,MKG,7,49,softms,full,8.0,0.3,2026,True,0.0,route_C,7.784818780747269,6.4682237985803095,16.172851768116505,18.930230763720733,21.719913335955383,19.03166107561797,38.79173290937997,70.03179650238474,86.48648648648648,97.13831478537361
window_8x8,MKG,8,64,softms,full,8.0,0.3,2026,True,0.0,route_B,9.261872909052686,8.52098140322991,16.865287323900297,19.960928573288594,23.827264083800422,20.333856078021206,25.263620386643233,59.3585237258348,85.1493848857645,95.03514938488577
window_8x8,MKG,8,64,softms,full,8.0,0.3,2026,True,0.0,route_C,7.626639166182911,6.292270734141149,15.625437193500813,17.878813434339094,21.58094435004534,18.53208233016964,40.4610492845787,69.0779014308426,88.23529411764706,97.77424483306835
